code,gana,gana_name,dhatu_slp1,dhatu_iast,dhatu_deva,artha_slp1,artha_iast,artha_deva,core_root
01.0064,1,bhvādi,adi~,adi,अदि,banDane,bandhane,बन्धने,ad
02.0001,2,adādi,a\da~,ada,अद,BakzaRe,bhakṣaṇe,भक्षणे,ad
05.0016,5,svādi,A\px~,āpḷ,आपॢ,vyAptO,vyāptau,व्याप्तौ,Ap
10.0376,10,curādi,Apx~,āpḷ,आपॢ,lamBane,lambhane,लम्भने,Ap
01.0232,1,bhvādi,arca~,arca,अर्च,pUjAyAm,pūjāyām,पूजायाम्,arc
10.0340,10,curādi,arca~,arca,अर्च,pUjAyAm,pūjāyām,पूजायाम्,arc
01.1029,1,bhvādi,asa~^,asa,अस,gatidIptyAdAnezu,gatidīptyādāneṣu,गतिदीप्त्यादानेषु,as
02.0011,2,adādi,Asa~\,āsa,आस,upaveSane,upaveśane,उपवेशने,As
02.0060,2,adādi,asa~,asa,अस,Buvi,bhuvi,भुवि,as
04.0106,4,divādi,asu~,asu,असु,kzepaRe,kṣepaṇe,क्षेपणे,as
02.0046,2,adādi,BA\,bhā,भा,dIptO,dīptau,दीप्तौ,BA
01.1153,1,bhvādi,Ba\ja~^,bhaja,भज,sevAyAm,sevāyām,सेवायाम्,Baj
10.0259,10,curādi,Baja~,bhaja,भज,viSrARane,viśrāṇane,विश्राणने,Baj
10.0290,10,curādi,Baji~,bhaji,भजि,BAzAyAm,bhāṣāyām,भाषायाम्,Baj
01.1039,1,bhvādi,Bakza~^,bhakṣa,भक्ष,adane,adane,अदने,Bakz
10.0033,10,curādi,Bakza~,bhakṣa,भक्ष,adane,adane,अदने,Bakz
09.0044,9,kryādi,ba\nDa~,bandha,बन्ध,banDane,bandhane,बन्धने,banD
10.0021,10,curādi,banDa~,bandha,बन्ध,saMyamane,saṃyamane,संयमने,banD
01.0696,1,bhvādi,BAza~\,bhāṣa,भाष,vyaktAyAM vAci,vyaktāyāṃ vāci,व्यक्तायां वाचि,BAz
01.0255,1,bhvādi,Bfzu~,bhṛṣu,भृषु,saNGarze,saṅgharṣe,सङ्घर्षे,Bf
01.1045,1,bhvādi,Bf\Y,bhṛñ,भृञ्,BaraRe,bharaṇe,भरणे,Bf
03.0006,3,juhotyādi,quBf\Y,ḍubhṛñ,डुभृञ्,DAraRapozaRayoH,dhāraṇapoṣaṇayoḥ,धारणपोषणयोः,Bf
04.0136,4,divādi,BfSu~,bhṛśu,भृशु,aDaHpatane,adhaḥpatane,अधःपतने,Bf
10.0318,10,curādi,BfSi~,bhṛśi,भृशि,BAzAyAm,bhāṣāyām,भाषायाम्,Bf
01.0067,1,bhvādi,Bidi~,bhidi,भिदि,avayave,avayave,अवयवे,Bid
07.0002,7,rudhādi,Bi\di~^r,bhidir,भिदिर्,vidAraRe,vidāraṇe,विदारणे,Bid
02.0039,2,adādi,brUY,brūñ,ब्रूञ्,vyaktAyAM vAci,vyaktāyāṃ vāci,व्यक्तायां वाचि,brU
01.0001,1,bhvādi,BU,bhū,भू,sattAyAm,sattāyām,सत्तायाम्,BU
10.0277,10,curādi,BU,bhū,भू,avakalkane,avakalkane,अवकल्कने,BU
10.0382,10,curādi,BU,bhū,भू,prAptO,prāptau,प्राप्तौ,BU
01.0994,1,bhvādi,buDa~,budha,बुध,avagamane,avagamane,अवगमने,buD
01.1016,1,bhvādi,buDi~^r,budhir,बुधिर्,boDane,bodhane,बोधने,buD
04.0068,4,divādi,bu\Da~\,budha,बुध,avagamane,avagamane,अवगमने,buD
06.0153,6,tudādi,Bu\jo~,bhujo,भुजो,kOwilye,kauṭilye,कौटिल्ये,Buj
07.0017,7,rudhādi,Bu\ja~,bhuja,भुज,pAlanAByavahArayoH,pālanābhyavahārayoḥ,पालनाभ्यवहारयोः,Buj
02.0007,2,adādi,ca\kzi~\N,cakṣiṅ,चक्षिङ्,vyaktAyAM vAci,vyaktāyāṃ vāci,व्यक्तायां वाचि,cakz
01.0924,1,bhvādi,cala~,cala,चल,kampane,kampane,कम्पने,cal
01.0966,1,bhvādi,cala~,cala,चल,kampane,kampane,कम्पने,cal
06.0083,6,tudādi,cala~,cala,चल,vilasane vikasane ca,vilasane vikasane ca,विलसने विकसने च,cal
10.0097,10,curādi,cala~,cala,चल,BftO,bhṛtau,भृतौ,cal
01.0640,1,bhvādi,cara~,cara,चर,gatO BakzaRe ca,gatau bhakṣaṇe ca,गतौ भक्षणे च,car
10.0274,10,curādi,cara~,cara,चर,saMSaye,saṃśaye,संशये,car
05.0005,5,svādi,ci\Y,ciñ,चिञ्,cayane,cayane,चयने,ci
05.0034,5,svādi,ciri,ciri,चिरि,hiMsAyAm,hiṃsāyām,हिंसायाम्,ci
10.0124,10,curādi,ciY,ciñ,चिञ्,cayane,cayane,चयने,ci
10.0325,10,curādi,ci,ci,चि,BAzAyAm,bhāṣāyām,भाषायाम्,ci
07.0003,7,rudhādi,Ci\di~^r,chidir,छिदिर्,dvEDIkaraRe,dvaidhīkaraṇe,द्वैधीकरणे,Cid
10.0002,10,curādi,citi~,citi,चिति,smftyAm,smṛtyām,स्मृत्याम्,cint
10.0001,10,curādi,cura~,cura,चुर,steye,steye,स्तेये,cur
01.1025,1,bhvādi,dASf~^,dāśṛ,दाशृ,dAne,dāne,दाने,dA
03.0010,3,juhotyādi,qudA\Y,ḍudāñ,डुदाञ्,dAne,dāne,दाने,dA
03.0011,3,juhotyādi,quDA\Y,ḍudhāñ,डुधाञ्,DAraRapozaRayoH,dhāraṇapoṣaṇayoḥ,धारणपोषणयोः,DA
01.1146,1,bhvādi,da\ha~,daha,दह,BasmIkaraRe,bhasmīkaraṇe,भस्मीकरणे,dah
10.0166,10,curādi,dahi~,dahi,दहि,rakzaRe mokzaRe ca,rakṣaṇe mokṣaṇe ca,रक्षणे मोक्षणे च,dah
01.0685,1,bhvādi,DAvu~^,dhāvu,धावु,gatiSudDyoH,gatiśuddhyoḥ,गतिशुद्ध्योः,DAv
01.1047,1,bhvādi,Df\Y,dhṛñ,धृञ्,DAraRe,dhāraṇe,धारणे,Df
01.1115,1,bhvādi,Df\N,dhṛṅ,धृङ्,avabanDane viDvaMsane ca,avabandhane vidhvaṃsane ca,अवबन्धने विध्वंसने च,Df
05.0025,5,svādi,YiDfzA~,ñidhṛṣā,ञिधृषा,prAgalBye,prāgalbhye,प्रागल्भ्ये,Df
06.0148,6,tudādi,Df\N,dhṛṅ,धृङ्,avasTAne,avasthāne,अवस्थाने,Df
04.0093,4,divādi,df\pa~,dṛpa,दृप,harzamohanayoH,harṣamohanayoḥ,हर्षमोहनयोः,dfp
06.0036,6,tudādi,dfpa~,dṛpa,दृप,utkleSe,utkleśe,उत्क्लेशे,dfp
10.0356,10,curādi,dfpa~,dṛpa,दृप,sandIpane,sandīpane,सन्दीपने,dfp
01.1143,1,bhvādi,df\Si~r,dṛśir,दृशिर्,prekzaRe,prekṣaṇe,प्रेक्षणे,dfS
06.0003,6,tudādi,di\Sa~^,diśa,दिश,atisarjane,atisarjane,अतिसर्जने,diS
01.0676,1,bhvādi,divi~,divi,दिवि,prIRane,prīṇane,प्रीणने,div
04.0001,4,divādi,divu~,divu,दिवु,krIqAvijigIzAvyavahAradyutistutimodamadasvapnakAntigatizu,krīḍāvijigīṣāvyavahāradyutistutimodamadasvapnakāntigatiṣu,क्रीडाविजिगीषाव्यवहारद्युतिस्तुतिमोदमदस्वप्नकान्तिगतिषु,div
10.0230,10,curādi,divu~,divu,दिवु,parikUjane,parikūjane,परिकूजने,div
10.0249,10,curādi,divu~,divu,दिवु,mardane,mardane,मर्दने,div
04.0043,4,divādi,do\,do,दो,avaKaRqane,avakhaṇḍane,अवखण्डने,do
01.0839,1,bhvādi,duhi~r,duhir,दुहिर्,ardane,ardane,अर्दने,duh
02.0004,2,adādi,du\ha~^,duha,दुह,prapUraRe,prapūraṇe,प्रपूरणे,duh
01.0928,1,bhvādi,Dvana~,dhvana,ध्वन,Sabde,śabde,शब्दे,Dvan
01.0962,1,bhvādi,Dvana~,dhvana,ध्वन,Sabde,śabde,शब्दे,Dvan
10.0431,10,curādi,Dvana,dhvana,ध्वन,Sabde,śabde,शब्दे,Dvan
02.0003,2,adādi,dvi\za~^,dviṣa,द्विष,aprItO,aprītau,अप्रीतौ,dviz
01.1056,1,bhvādi,DyE\,dhyai,ध्यै,cintAyAm,cintāyām,चिन्तायाम्,DyE
01.0842,1,bhvādi,dyuta~\,dyuta,द्युत,dIptO,dīptau,दीप्तौ,dyut
01.0736,1,bhvādi,gAhU~\,gāhū,गाहू,viloqane,viloḍane,विलोडने,gAh
01.1137,1,bhvādi,ga\mx~,gamḷ,गमॢ,gatO,gatau,गतौ,gam
10.0391,10,curādi,gaRa,gaṇa,गण,saNKyAne,saṅkhyāne,सङ्ख्याने,gaR
01.1065,1,bhvādi,gE\,gai,गै,Sabde,śabde,शब्दे,gE
01.1075,1,bhvādi,GrA\,ghrā,घ्रा,ganDopAdAne GrARe ca,gandhopādāne ghrāṇe ca,गन्धोपादाने घ्राणे च,GrA
09.0071,9,kryādi,graha~^,graha,ग्रह,upAdAne,upādāne,उपादाने,grah
03.0008,3,juhotyādi,o~hA\N,ohāṅ,ओहाङ्,gatO,gatau,गतौ,hA
03.0009,3,juhotyādi,o~hA\k,ohāk,ओहाक्,tyAge,tyāge,त्यागे,hA
02.0002,2,adādi,ha\na~,hana,हन,hiMsAgatyoH,hiṃsāgatyoḥ,हिंसागत्योः,han
01.0822,1,bhvādi,hase~,hase,हसे,hasane,hasane,हसने,has
01.1046,1,bhvādi,hf\Y,hṛñ,हृञ्,haraRe,haraṇe,हरणे,hf
03.0016,3,juhotyādi,hf\,hṛ,हृ,prasahyakaraRe,prasahyakaraṇe,प्रसह्यकरणे,hf
01.0806,1,bhvādi,hfzu~,hṛṣu,हृषु,alIke,alīke,अलीके,hfz
04.0142,4,divādi,hfza~,hṛṣa,हृष,tuzwO,tuṣṭau,तुष्टौ,hfz
01.1163,1,bhvādi,hve\Y,hveñ,ह्वेञ्,sparDAyAM Sabde ca,spardhāyāṃ śabde ca,स्पर्धायां शब्दे च,hve
02.0041,2,adādi,i\N,iṅ,इङ्,aDyayane,adhyayane,अध्ययने,i
02.0042,2,adādi,i\k,ik,इक्,smaraRe,smaraṇe,स्मरणे,i
01.0694,1,bhvādi,Ikza~\,īkṣa,ईक्ष,darSane,darśane,दर्शने,Ikz
02.0009,2,adādi,Iqa~\,īḍa,ईड,stutO,stutau,स्तुतौ,Iq
10.0183,10,curādi,Iqa~,īḍa,ईड,stutO,stutau,स्तुतौ,Iq
04.0022,4,divādi,iza~,iṣa,इष,gatO,gatau,गतौ,iz
06.0078,6,tudādi,izu~,iṣu,इषु,icCAyAm,icchāyām,इच्छायाम्,iz
09.0061,9,kryādi,iza~,iṣa,इष,ABIkzRye,ābhīkṣṇye,आभीक्ष्ण्ये,iz
02.0067,2,adādi,jAgf,jāgṛ,जागृ,nidrAkzaye,nidrākṣaye,निद्राक्षये,jAgf
03.0025,3,juhotyādi,jana~,jana,जन,janane,janane,जनने,jan
04.0044,4,divādi,janI~\,janī,जनी,prAdurBAve,prādurbhāve,प्रादुर्भावे,jan
01.0643,1,bhvādi,jIva~,jīva,जीव,prARaDAraRe,prāṇadhāraṇe,प्राणधारणे,jIv
01.0916,1,bhvādi,jvala~,jvala,ज्वल,dIptO,dīptau,दीप्तौ,jval
01.0965,1,bhvādi,jvala~,jvala,ज्वल,dIptO,dīptau,दीप्तौ,jval
01.0923,1,bhvādi,jYA,jñā,ज्ञा,mAraRatozaRaniSAmanezu,māraṇatoṣaṇaniśāmaneṣu,मारणतोषणनिशामनेषु,jYA
09.0043,9,kryādi,jYA\,jñā,ज्ञा,avaboDane,avabodhane,अवबोधने,jYA
10.0258,10,curādi,jYA,jñā,ज्ञा,niyoge,niyoge,नियोगे,jYA
01.0051,1,bhvādi,KAdf~,khādṛ,खादृ,BakzaRe,bhakṣaṇe,भक्षणे,KAd
01.0435,1,bhvādi,kapi~\,kapi,कपि,calane,calane,चलने,kamp
01.0760,1,bhvādi,kAkzi~,kākṣi,काक्षि,kANkzAyAm,kāṅkṣāyām,काङ्क्षायाम्,kANkz
10.0389,10,curādi,kaTa,katha,कथ,vAkyaprabanDe,vākyaprabandhe,वाक्यप्रबन्धे,kaT
05.0007,5,svādi,kf\Y,kṛñ,कृञ्,hiMsAyAm,hiṃsāyām,हिंसायाम्,kf
08.0010,8,tanādi,qukf\Y,ḍukṛñ,डुकृञ्,karaRe,karaṇe,करणे,kf
01.0074,1,bhvādi,kradi~,kradi,क्रदि,AhvAne rodane ca,āhvāne rodane ca,आह्वाने रोदने च,krand
01.0879,1,bhvādi,kradi~\,kradi,क्रदि,vEklavye,vaiklavye,वैक्लव्ये,krand
10.0252,10,curādi,kranda~,kranda,क्रन्द,sAtatye,sātatye,सातत्ये,krand
09.0001,9,kryādi,qukrI\Y,ḍukrīñ,डुक्रीञ्,dravyavinimaye,dravyavinimaye,द्रव्यविनिमये,krI
01.0405,1,bhvādi,krIqf~,krīḍṛ,क्रीडृ,vihAre,vihāre,विहारे,krIq
04.0086,4,divādi,kru\Da~,krudha,क्रुध,kroDe,krodhe,क्रोधे,kruD
01.0980,1,bhvādi,kzala~,kṣala,क्षल,saYcalane,sañcalane,सञ्चलने,kzal
10.0086,10,curādi,kzala~,kṣala,क्षल,SOcakarmaRi,śaucakarmaṇi,शौचकर्मणि,kzal
01.0510,1,bhvādi,kzamU~\z,kṣamūṣ,क्षमूष्,sahane,sahane,सहने,kzam
04.0103,4,divādi,kzamU~,kṣamū,क्षमू,sahane,sahane,सहने,kzam
04.0128,4,divādi,kzamU~z,kṣamūṣ,क्षमूष्,sahane,sahane,सहने,kzam
01.0986,1,bhvādi,kzara~,kṣara,क्षर,saYcalane,sañcalane,सञ्चलने,kzar
04.0015,4,divādi,kzi\pa~,kṣipa,क्षिप,preraRe,preraṇe,प्रेरणे,kzip
06.0005,6,tudādi,kzi\pa~^,kṣipa,क्षिप,preraRe,preraṇe,प्रेरणे,kzip
10.0487,10,curādi,kzipa,kṣipa,क्षिप,preraRe,preraṇe,प्रेरणे,kzip
01.1130,1,bhvādi,qula\Ba~\z,ḍulabhaṣ,डुलभष्,prAptO,prāptau,प्राप्तौ,laB
06.0092,6,tudādi,liKa~,likha,लिख,akzaravinyAse,akṣaravinyāse,अक्षरविन्यासे,liK
02.0057,2,adādi,mA\,mā,मा,mAne,māne,माने,mA
03.0007,3,juhotyādi,mA\N,māṅ,माङ्,mAne Sabde ca,māne śabde ca,माने शब्दे च,mA
04.0037,4,divādi,mA\N,māṅ,माङ्,mAne,māne,माने,mA
01.0721,1,bhvādi,mahi~\,mahi,महि,vfdDO,vṛddhau,वृद्धौ,mah
01.0831,1,bhvādi,maha~,maha,मह,pUjAyAm,pūjāyām,पूजायाम्,mah
10.0330,10,curādi,mahi~,mahi,महि,BAzAyAm,bhāṣāyām,भाषायाम्,mah
10.0406,10,curādi,maha,maha,मह,pUjAyAm,pūjāyām,पूजायाम्,mah
04.0073,4,divādi,ma\na~\,mana,मन,jYAne,jñāne,ज्ञाने,man
08.0009,8,tanādi,manu~\,manu,मनु,avaboDane,avabodhane,अवबोधने,man
10.0234,10,curādi,mana~,mana,मन,stamBe,stambhe,स्तम्भे,man
01.0044,1,bhvādi,maTi~,mathi,मथि,hiMsAsaNkleSanayoH,hiṃsāsaṅkleśanayoḥ,हिंसासङ्क्लेशनयोः,manT
01.0048,1,bhvādi,manTa~,mantha,मन्थ,viloqane,viloḍane,विलोडने,manT
09.0047,9,kryādi,manTa~,mantha,मन्थ,viloqane,viloḍane,विलोडने,manT
01.0804,1,bhvādi,mfzu~,mṛṣu,मृषु,secane sahane ca,secane sahane ca,सेचने सहने च,mf
06.0139,6,tudādi,mf\N,mṛṅ,मृङ्,prARatyAge,prāṇatyāge,प्राणत्यागे,mf
02.0061,2,adādi,mfjU~,mṛjū,मृजू,SudDO,śuddhau,शुद्धौ,mfj
10.0386,10,curādi,mfjU~,mṛjū,मृजू,SOcAlaNkArayoH,śaucālaṅkārayoḥ,शौचालङ्कारयोः,mfj
06.0161,6,tudādi,mf\Sa~,mṛśa,मृश,AmarSane,āmarśane,आमर्शने,mfS
01.0196,1,bhvādi,muci~\,muci,मुचि,kalkane kaTane ca,kalkane kathane ca,कल्कने कथने च,muc
06.0166,6,tudādi,mu\cx~^,mucḷ,मुचॢ,mokzaRe,mokṣaṇe,मोक्षणे,muc
10.0272,10,curādi,muca~,muca,मुच,pramocane modane ca,pramocane modane ca,प्रमोचने मोदने च,muc
01.0016,1,bhvādi,muda~\,muda,मुद,harze,harṣe,हर्षे,mud
10.0268,10,curādi,muda~,muda,मुद,saMsarge,saṃsarge,संसर्गे,mud
01.1136,1,bhvādi,Ra\ma~,ṇama,णम,prahvatve Sabde ca,prahvatve śabde ca,प्रह्वत्वे शब्दे च,nam
04.0091,4,divādi,Ra\Sa~,ṇaśa,णश,adarSane,adarśane,अदर्शने,naS
04.0010,4,divādi,nftI~,nṛtī,नृती,gAtravikzepe,gātravikṣepe,गात्रविक्षेपे,nft
01.1049,1,bhvādi,RI\Y,ṇīñ,णीञ्,prApaRe,prāpaṇe,प्रापणे,nI
01.1074,1,bhvādi,pA\,pā,पा,pAne,pāne,पाने,pA
02.0051,2,adādi,pA\,pā,पा,rakzaRe,rakṣaṇe,रक्षणे,pA
01.0198,1,bhvādi,paci~\,paci,पचि,vyaktIkaraRe,vyaktīkaraṇe,व्यक्तीकरणे,pac
01.1151,1,bhvādi,qupa\ca~^z,ḍupacaṣ,डुपचष्,pAke,pāke,पाके,pac
10.0153,10,curādi,paci~,paci,पचि,vistAravacane,vistāravacane,विस्तारवचने,pac
10.0098,10,curādi,pAla~,pāla,पाल,rakzaRe,rakṣaṇe,रक्षणे,pAl
01.0979,1,bhvādi,patx~,patḷ,पतॢ,gatO,gatau,गतौ,pat
01.0982,1,bhvādi,paTe~,pathe,पथे,gatO,gatau,गतौ,paT
10.0029,10,curādi,paTa~,patha,पथ,prakzepe,prakṣepe,प्रक्षेपे,paT
10.0060,10,curādi,paTi~,pathi,पथि,gatO,gatau,गतौ,paT
10.0400,10,curādi,pata,pata,पत,gatO,gatau,गतौ,pat
01.0381,1,bhvādi,paWa~,paṭha,पठ,vyaktAyAM vAci,vyaktāyāṃ vāci,व्यक्तायां वाचि,paW
10.0394,10,curādi,paWa,paṭha,पठ,granTe vezwane ca,granthe veṣṭane ca,ग्रन्थे वेष्टने च,paW
03.0004,3,juhotyādi,pF,pṝ,पॄ,pAlanapUraRayoH,pālanapūraṇayoḥ,पालनपूरणयोः,pF
09.0022,9,kryādi,pF,pṝ,पॄ,pAlanapUraRayoH,pālanapūraṇayoḥ,पालनपूरणयोः,pF
10.0022,10,curādi,pF,pṝ,पॄ,pUraRe,pūraṇe,पूरणे,pF
10.0017,10,curādi,pIqa~,pīḍa,पीड,avagAhane,avagāhane,अवगाहने,pIq
06.0149,6,tudādi,pra\Ca~,pracha,प्रछ,jYIpsAyAm,jñīpsāyām,ज्ञीप्सायाम्,pracC
10.0144,10,curādi,pUja~,pūja,पूज,pUjAyAm,pūjāyām,पूजायाम्,pUj
01.0797,1,bhvādi,puza~,puṣa,पुष,puzwO,puṣṭau,पुष्टौ,puz
04.0079,4,divādi,pu\za~,puṣa,पुष,puzwO,puṣṭau,पुष्टौ,puz
04.0121,4,divādi,puza~,puṣa,पुष,viBAge,vibhāge,विभागे,puz
09.0065,9,kryādi,puza~,puṣa,पुष,puzwO,puṣṭau,पुष्टौ,puz
10.0280,10,curādi,puza~,puṣa,पुष,DAraRe,dhāraṇe,धारणे,puz
02.0052,2,adādi,rA\,rā,रा,dAne,dāne,दाने,rA
01.0746,1,bhvādi,rakza~,rakṣa,रक्ष,pAlane,pālane,पालने,rakz
01.0953,1,bhvādi,ra\ma~\,rama,रम,krIqAyAm,krīḍāyām,क्रीडायाम्,ram
01.0989,1,bhvādi,ra\mu~\,ramu,रमु,krIqAyAm,krīḍāyām,क्रीडायाम्,ram
01.0847,1,bhvādi,ruca~\,ruca,रुच,dIptAvaBiprItO ca,dīptāvabhiprītau ca,दीप्तावभिप्रीतौ च,ruc
02.0062,2,adādi,rudi~r,rudir,रुदिर्,aSruvimocane,aśruvimocane,अश्रुविमोचने,rud
04.0070,4,divādi,ru\Da~\,rudha,रुध,kAme,kāme,कामे,ruD
07.0001,7,rudhādi,ru\Di~^r,rudhir,रुधिर्,AvaraRe,āvaraṇe,आवरणे,ruD
01.0995,1,bhvādi,ru\ha~,ruha,रुह,bIjajanmani prAdurBAve ca,bījajanmani prādurbhāve ca,बीजजन्मनि प्रादुर्भावे च,ruh
01.0990,1,bhvādi,za\dx~,ṣadḷ,षदॢ,viSaraRagatyavasAdanezu,viśaraṇagatyavasādaneṣu,विशरणगत्यवसादनेषु,sad
06.0163,6,tudādi,za\dx~,ṣadḷ,षदॢ,viSaraRagatyavasAdanezu,viśaraṇagatyavasādaneṣu,विशरणगत्यवसादनेषु,sad
10.0368,10,curādi,za\da~,ṣada,षद,padyarTe,padyarthe,पद्यर्थे,sad
01.0988,1,bhvādi,zaha~\,ṣaha,षह,marzaRe,marṣaṇe,मर्षणे,sah
04.0023,4,divādi,zaha~,ṣaha,षह,cakyarTe,cakyarthe,चक्यर्थे,sah
10.0341,10,curādi,zaha~,ṣaha,षह,marzaRe,marṣaṇe,मर्षणे,sah
01.0091,1,bhvādi,Saki~\,śaki,शकि,SaNkAyAm,śaṅkāyām,शङ्कायाम्,Sak
04.0084,4,divādi,Sa\ka~^,śaka,शक,marzaRe,marṣaṇe,मर्षणे,Sak
05.0017,5,svādi,Sa\kx~,śakḷ,शकॢ,SaktO,śaktau,शक्तौ,Sak
01.0929,1,bhvādi,Samo~,śamo,शमो,darSane,darśane,दर्शने,Sam
04.0098,4,divādi,Samu~,śamu,शमु,upaSame,upaśame,उपशमे,Sam
10.0218,10,curādi,Sama~,śama,शम,Alocane,ālocane,आलोचने,Sam
01.0716,1,bhvādi,Sasi~\,śasi,शसि,icCAyAm,icchāyām,इच्छायाम्,SaMs
01.1155,1,bhvādi,Sa\pa~^,śapa,शप,AkroSe,ākrośe,आक्रोशे,Sap
04.0064,4,divādi,Sa\pa~^,śapa,शप,AkroSe,ākrośe,आक्रोशे,Sap
02.0012,2,adādi,SAsu~\,śāsu,शासु,icCAyAm,icchāyām,इच्छायाम्,SAs
02.0070,2,adādi,SAsu~,śāsu,शासु,anuSizwO,anuśiṣṭau,अनुशिष्टौ,SAs
01.0574,1,bhvādi,zevf~\,ṣevṛ,षेवृ,sevane,sevane,सेवने,sev
04.0075,4,divādi,sf\ja~\,sṛja,सृज,visarge,visarge,विसर्गे,sfj
06.0150,6,tudādi,sf\ja~,sṛja,सृज,visarge,visarge,विसर्गे,sfj
01.0078,1,bhvādi,SIkf~\,śīkṛ,शीकृ,secane,secane,सेचने,SI
02.0026,2,adādi,SIN,śīṅ,शीङ्,svapne,svapne,स्वप्ने,SI
01.0799,1,bhvādi,Slizu~,śliṣu,श्लिषु,dAhe,dāhe,दाहे,Sliz
04.0083,4,divādi,Sli\za~,śliṣa,श्लिष,AliNgane,āliṅgane,आलिङ्गने,Sliz
10.0059,10,curādi,Sliza~,śliṣa,श्लिष,SlezaRe,śleṣaṇe,श्लेषणे,Sliz
01.0919,1,bhvādi,smf\,smṛ,स्मृ,ADyAne,ādhyāne,आध्याने,smf
01.1082,1,bhvādi,smf\,smṛ,स्मृ,cintAyAm,cintāyām,चिन्तायाम्,smf
05.0015,5,svādi,smf\,smṛ,स्मृ,prItibalanayoH,prītibalanayoḥ,प्रीतिबलनयोः,smf
01.1099,1,bhvādi,zmi\N,ṣmiṅ,ष्मिङ्,IzadDasane,īṣaddhasane,ईषद्धसने,smi
10.0058,10,curādi,zmiN,ṣmiṅ,ष्मिङ्,anAdare,anādare,अनादरे,smi
02.0047,2,adādi,zRA\,ṣṇā,ष्णा,SOce,śauce,शौचे,snA
04.0097,4,divādi,zRi\ha~,ṣṇiha,ष्णिह,prItO,prītau,प्रीतौ,snih
10.0055,10,curādi,zRiha~,ṣṇiha,ष्णिह,snehane,snehane,स्नेहने,snih
06.0158,6,tudādi,spf\Sa~,spṛśa,स्पृश,saMsparSane,saṃsparśane,संस्पर्शने,spfS
06.0121,6,tudādi,sPura~,sphura,स्फुर,saYcalane,sañcalane,सञ्चलने,sPur
01.1090,1,bhvādi,sru\,sru,स्रु,gatO,gatau,गतौ,sru
01.1092,1,bhvādi,Sru\,śru,श्रु,SravaRe,śravaṇe,श्रवणे,Sru
01.1077,1,bhvādi,zWA\,ṣṭhā,ष्ठा,gatinivfttO,gatinivṛttau,गतिनिवृत्तौ,sTA
02.0038,2,adādi,zwu\Y,ṣṭuñ,ष्टुञ्,stutO,stutau,स्तुतौ,stu
01.1091,1,bhvādi,zu\,ṣu,षु,prasavESvaryayoH,prasavaiśvaryayoḥ,प्रसवैश्वर्ययोः,su
02.0036,2,adādi,zu\,ṣu,षु,prasavESvaryayoH,prasavaiśvaryayoḥ,प्रसवैश्वर्ययोः,su
05.0001,5,svādi,zu\Y,ṣuñ,षुञ्,aBizave,abhiṣave,अभिषवे,su
01.0500,1,bhvādi,SuBa~,śubha,शुभ,BAzaRe BAsane hiMsAyAM ca,bhāṣaṇe bhāsane hiṃsāyāṃ ca,भाषणे भासने हिंसायां च,SuB
01.0853,1,bhvādi,SuBa~\,śubha,शुभ,dIptO,dīptau,दीप्तौ,SuB
06.0046,6,tudādi,SuBa~,śubha,शुभ,SoBAyAm,śobhāyām,शोभायाम्,SuB
02.0063,2,adādi,Yizva\pa~,ñiṣvapa,ञिष्वप,Saye,śaye,शये,svap
02.0064,2,adādi,Svasa~,śvasa,श्वस,prARane,prāṇane,प्राणने,Svas
01.0218,1,bhvādi,tancu~,tancu,तन्चु,gatO,gatau,गतौ,tan
07.0022,7,rudhādi,tancU~,tancū,तन्चू,saNkocane,saṅkocane,सङ्कोचने,tan
08.0001,8,tanādi,tanu~^,tanu,तनु,vistAre,vistāre,विस्तारे,tan
10.0377,10,curādi,tanu~,tanu,तनु,SradDopakaraRayoH,śraddhopakaraṇayoḥ,श्रद्धोपकरणयोः,tan
01.1140,1,bhvādi,ta\pa~,tapa,तप,santApe,santāpe,सन्तापे,tap
04.0054,4,divādi,ta\pa~\,tapa,तप,ESvarye,aiśvarye,ऐश्वर्ये,tap
10.0350,10,curādi,ta\pa~,tapa,तप,dAhe,dāhe,दाहे,tap
01.1124,1,bhvādi,tF,tṝ,तॄ,plavanataraRayoH,plavanataraṇayoḥ,प्लवनतरणयोः,tF
06.0001,6,tudādi,tu\da~^,tuda,तुद,vyaTane,vyathane,व्यथने,tud
04.0081,4,divādi,tu\za~,tuṣa,तुष,prItO,prītau,प्रीतौ,tuz
01.0884,1,bhvādi,YitvarA~\,ñitvarā,ञित्वरा,samBrame,sambhrame,सम्भ्रमे,tvar
01.1141,1,bhvādi,tya\ja~,tyaja,त्यज,hAnO,hānau,हानौ,tyaj
02.0058,2,adādi,va\ca~,vaca,वच,pariBAzaRe,paribhāṣaṇe,परिभाषणे,vac
10.0380,10,curādi,va\ca~,vaca,वच,pariBAzaRe,paribhāṣaṇe,परिभाषणे,vac
01.1164,1,bhvādi,vada~,vada,वद,vyaktAyAM vAci,vyaktāyāṃ vāci,व्यक्तायां वाचि,vad
10.0379,10,curādi,vada~^,vada,वद,sandeSavacane,sandeśavacane,सन्देशवचने,vad
01.0720,1,bhvādi,vahi~\,vahi,वहि,vfdDO,vṛddhau,वृद्धौ,vah
01.1159,1,bhvādi,va\ha~^,vaha,वह,prApaRe,prāpaṇe,प्रापणे,vah
01.0984,1,bhvādi,wuvama~,ṭuvama,टुवम,udgiraRe,udgiraṇe,उद्गिरणे,vam
01.0011,1,bhvādi,vadi~\,vadi,वदि,aBivAdanastutyoH,abhivādanastutyoḥ,अभिवादनस्तुत्योः,vand
01.1158,1,bhvādi,quva\pa~^,ḍuvapa,डुवप,bIjasantAne garBADAne Cedane bIjatantusantAne muRqabIjoptyoH vapane GarzaRe tantunirmARe ca,bījasantāne garbhādhāne chedane bījatantusantāne muṇḍabījoptyoḥ vapane gharṣaṇe tantunirmāṇe ca,बीजसन्ताने गर्भाधाने छेदने बीजतन्तुसन्ताने मुण्डबीजोप्त्योः वपने घर्षणे तन्तुनिर्माणे च,vap
01.1160,1,bhvādi,va\sa~,vasa,वस,nivAse,nivāse,निवासे,vas
02.0013,2,adādi,vasa~\,vasa,वस,AcCAdane,ācchādane,आच्छादने,vas
04.0111,4,divādi,vasu~,vasu,वसु,stamBe,stambhe,स्तम्भे,vas
10.0273,10,curādi,vasa~,vasa,वस,snehacCedApaharaRezu,snehacchedāpaharaṇeṣu,स्नेहच्छेदापहरणेषु,vas
10.0488,10,curādi,vasa,vasa,वस,nivAse,nivāse,निवासे,vas
01.0863,1,bhvādi,vfDu~\,vṛdhu,वृधु,vfdDO,vṛddhau,वृद्धौ,vfD
10.0313,10,curādi,vfDu~,vṛdhu,वृधु,BAzAyAm,bhāṣāyām,भाषायाम्,vfD
02.0022,2,adādi,vfjI~\,vṛjī,वृजी,varjane,varjane,वर्जने,vfj
02.0023,2,adādi,vfji~\,vṛji,वृजि,varjane,varjane,वर्जने,vfj
07.0024,7,rudhādi,vfjI~,vṛjī,वृजी,varjane,varjane,वर्जने,vfj
10.0344,10,curādi,vfjI~,vṛjī,वृजी,varjane,varjane,वर्जने,vfj
01.0862,1,bhvādi,vftu~\,vṛtu,वृतु,vartane,vartane,वर्तने,vft
04.0055,4,divādi,vftu~\,vṛtu,वृतु,varaRe,varaṇe,वरणे,vft
10.0312,10,curādi,vftu~,vṛtu,वृतु,BAzAyAm,bhāṣāyām,भाषायाम्,vft
02.0059,2,adādi,vida~,vida,विद,jYAne,jñāne,ज्ञाने,vid
04.0067,4,divādi,vi\da~\,vida,विद,sattAyAm,sattāyām,सत्तायाम्,vid
06.0168,6,tudādi,vi\dx~^,vidḷ,विदॢ,lABe,lābhe,लाभे,vid
07.0013,7,rudhādi,vi\da~\,vida,विद,vicAraRe,vicāraṇe,विचारणे,vid
10.0232,10,curādi,vida~,vida,विद,cetanAKyAnanivAsezu,cetanākhyānanivāseṣu,चेतनाख्याननिवासेषु,vid
06.0160,6,tudādi,vi\Sa~,viśa,विश,praveSane,praveśane,प्रवेशने,viS
01.0286,1,bhvādi,vraja~,vraja,व्रज,gatO,gatau,गतौ,vraj
10.0109,10,curādi,vraja~,vraja,व्रज,saMskAragatyoH,saṃskāragatyoḥ,संस्कारगत्योः,vraj
06.0012,6,tudādi,o~vrascU~,ovrascū,ओव्रस्चू,Cedane,chedane,छेदने,vraSc
02.0044,2,adādi,yA\,yā,या,prApaRe,prāpaṇe,प्रापणे,yA
01.0954,1,bhvādi,quyAcf~^,ḍuyācṛ,डुयाचृ,yAcYAyAm,yācñāyām,याच्ञायाम्,yAc
01.1001,1,bhvādi,wuyAcf~^,ṭuyācṛ,टुयाचृ,yAcYAyAm,yācñāyām,याच्ञायाम्,yAc
01.1157,1,bhvādi,ya\ja~^,yaja,यज,devapUjAsaNgatikaraRadAnezu,devapūjāsaṅgatikaraṇadāneṣu,देवपूजासङ्गतिकरणदानेषु,yaj
01.0030,1,bhvādi,yatI~\,yatī,यती,prayatne,prayatne,प्रयत्ने,yat
10.0003,10,curādi,yatri~,yatri,यत्रि,saNkoce,saṅkoce,सङ्कोचे,yat
10.0261,10,curādi,yata~,yata,यत,nikAropaskArayoH,nikāropaskārayoḥ,निकारोपस्कारयोः,yat
04.0069,4,divādi,yu\Da~\,yudha,युध,samprahAre,samprahāre,सम्प्रहारे,yuD
04.0074,4,divādi,yu\ja~\,yuja,युज,samADO,samādhau,समाधौ,yuj
07.0007,7,rudhādi,yu\ji~^r,yujir,युजिर्,yoge,yoge,योगे,yuj
10.0338,10,curādi,yu\ja~,yuja,युज,saMyamane,saṃyamane,संयमने,yuj
